,conflict_id,start_year,end_year,duration,best,avg_deaths,HR_before,HR_after,HR_rel_change,CV_global_homicides,CV_pop
count,75.0,75.0,75.0,75.0,75.0,75.0,75.0,75.0,75.0,75.0,75.0
mean,3569.9733333333334,2008.28,2010.7466666666667,3.466666666666667,536.2533333333333,162.10019943019944,4.677040203503111,3.5202213017524446,0.8321387924947842,6.130849106120001,309040903.41333336
std,5580.853153255172,6.204967495613626,5.48485219523768,4.1859912234168055,1673.1973687987186,396.71902425764586,4.324501652295224,2.2568534599127,0.25021897715028246,0.2950419498644734,486719259.8903954
min,205.0,1994.0,2000.0,1.0,1.0,0.3333333333333333,0.874174528,0.566649714,0.3086034947899748,5.564134104,2884239.0
25%,341.0,2004.0,2006.0,1.0,27.0,25.5,2.3418648710500003,2.194371056,0.6453805976405484,5.911968893,10354851.0
50%,413.0,2009.0,2012.0,2.0,83.0,44.0,3.773985048666667,2.8048488914,0.8265738478727482,6.032096376,51852464.0
75%,5890.5,2014.0,2015.0,4.0,346.0,91.70833333333334,5.107960423950001,3.993503397875,0.9514634425668795,6.178188546,205768783.0
max,14268.0,2017.0,2019.0,17.0,13474.0,2370.0,27.132408252,11.837778168,1.4755054390329303,6.854248582,1379860000.0
