,conflict_id,start_year,end_year,duration,best,avg_deaths,HR_before,HR_after,HR_rel_change,CV_global_homicides,CV_pop
count,81.0,81.0,81.0,81.0,81.0,81.0,81.0,81.0,81.0,81.0,81.0
mean,3604.567901234568,2007.4814814814815,2010.0617283950617,3.580246913580247,517.1111111111111,153.54709823783898,4.905121342925927,3.7016646412133745,0.8256084900614581,6.189664877555555,301431489.20987654
std,5558.773709052815,6.671040232061097,5.812369738351875,4.1739196132977465,1616.5676215364456,383.0011930297612,4.588468146179352,2.7885591454396397,0.25625369874873494,0.3526037494816309,480855424.9597165
min,205.0,1993.0,2000.0,1.0,1.0,0.3333333333333333,0.874174528,0.566649714,0.306402839995387,5.564134104,1851519.0
25%,327.0,2001.0,2005.0,1.0,27.0,24.0,2.4030700946,2.194371056,0.6387170357387597,5.947845376,10160034.0
50%,413.0,2008.0,2012.0,2.0,78.0,44.0,3.7839070714,2.8048488914,0.8265738478727482,6.032096376,51852464.0
75%,11342.0,2014.0,2015.0,4.0,345.0,89.41666666666667,5.1830775074,4.07348155075,0.9508719171450704,6.293981484,203631356.0
max,14268.0,2017.0,2019.0,17.0,13474.0,2370.0,27.132408252,18.45118064,1.4755054390329303,6.943723418,1379860000.0
