,conflict_id,start_year,end_year,duration,deaths,avg_deaths,HR_before,HR_after,HR_rel_change,CV_global_homicides,CV_pop
count,84.0,84.0,84.0,84.0,84.0,84.0,84.0,84.0,84.0,84.0,84.0
mean,3470.6428571428573,2007.0833333333333,2009.8333333333333,3.75,484.4107142857144,3.9861748144289453,4.950677874709523,3.736614049466072,0.8194125226166371,6.1950380060952375,17.891272056327434
std,5454.811228041061,6.662624276439126,5.784968751325738,4.196599311720447,1430.374998678668,1.1024574974660348,4.552314036049735,2.801650838979063,0.2482860609837837,0.356720994316146,1.9893079235945954
min,205.0,1993.0,2000.0,1.0,12.5,1.751268107873318,0.674355823,0.409874201,0.306402839995387,5.564134104,14.013082730686346
25%,337.25,2001.0,2005.0,1.0,33.75,3.295836866004329,2.40311778815,2.1765074374,0.6360966144969822,5.947845376,16.095668630128145
50%,407.0,2007.0,2011.0,2.0,117.5,3.8064155152036783,3.7921992399,2.8169179908,0.8258187917717807,6.032096376,17.763913013207894
75%,3164.75,2014.0,2015.0,4.0,411.125,4.638159239862256,5.5675662944374995,4.1069368802,0.9476210597967218,6.293981484,19.05309582978115
max,14268.0,2017.0,2019.0,17.0,12254.0,7.21638311594938,27.132408252,18.45118064,1.4755054390329303,6.943723418,21.04524788169384
