,conflict_id,start_year,end_year,duration,deaths,avg_deaths,HR_before,HR_after,HR_rel_change,CV_global_homicides,CV_pop
count,82.0,82.0,82.0,82.0,82.0,82.0,82.0,82.0,82.0,82.0,82.0
mean,3429.6341463414633,2007.5731707317073,2010.3658536585365,3.792682926829268,545.6646341463414,161.45398581571465,4.993741631865853,3.796701454662195,0.8243623626040427,6.154542580390244,287548547.0243902
std,5475.837798263724,6.6537476450175985,5.52996817601173,4.238966228733944,1466.4197869036102,365.802120773957,4.599610917987891,2.839624253536525,0.24838033370845905,0.31891501001459815,470918932.00473624
min,205.0,1993.0,2000.0,1.0,12.5,5.761904761904762,0.674355823,0.409874201,0.306402839995387,5.564134104,1218441.0
25%,329.0,2001.5,2005.25,1.0,35.25,27.0,2.4123509888,2.194371056,0.6420488166896541,5.947845376,9930533.25
50%,401.0,2008.0,2012.0,2.0,152.5,56.57142857142857,3.8570083267,2.89152676285,0.8258187917717807,6.032096376,51852464.0
75%,439.0,2014.0,2015.0,4.0,483.75,116.04411764705883,5.8443891063125,4.52199352505,0.9497882980289541,6.2650332495,181386528.5
max,14268.0,2017.0,2019.0,17.0,12254.0,2370.0,27.132408252,18.45118064,1.4755054390329303,6.906000623,1379860000.0
