,conflict_id,start_year,end_year,duration,deaths,avg_deaths,HR_before,HR_after,HR_rel_change,CV_global_homicides,CV_pop
count,86.0,86.0,86.0,86.0,86.0,86.0,86.0,86.0,86.0,86.0,86.0
mean,3546.6744186046512,2007.2441860465117,2009.9302325581396,3.686046511627907,522.343023255814,155.3921725219605,4.912878222727906,3.73790942480407,0.8241140583590874,6.191248665860466,287334237.0232558
std,5504.221326436349,6.66674988548151,5.7512979561638575,4.167836589059764,1435.4439030922135,358.166319192644,4.510738521083326,2.792703375372585,0.25072179793298166,0.35336373683444416,470302912.8998919
min,205.0,1993.0,2000.0,1.0,12.5,5.761904761904762,0.674355823,0.409874201,0.306402839995387,5.564134104,1218441.0
25%,335.75,2001.0,2005.0,1.0,35.25,27.0,2.40308599245,2.1407802002,0.6420488166896541,5.947845376,9629222.75
50%,407.0,2007.5,2011.0,2.0,124.5,46.5625,3.7921992399,2.8169179908,0.8258187917717807,6.032096376,51421538.0
75%,8616.25,2014.0,2015.0,4.0,443.75,113.9375,5.393203677,4.1069368802,0.9497882980289541,6.293981484,181386528.5
max,14268.0,2017.0,2019.0,17.0,12254.0,2370.0,27.132408252,18.45118064,1.4755054390329303,6.943723418,1379860000.0
