,conflict_id,start_year,end_year,duration,best,avg_deaths,HR_before,HR_after,HR_rel_change,CV_global_homicides,CV_pop
count,79.0,79.0,79.0,79.0,79.0,79.0,79.0,79.0,79.0,79.0,79.0
mean,3685.1265822784812,2007.392405063291,2009.9240506329113,3.5316455696202533,530.1518987341772,3.727499765240785,4.908265758218355,3.708310196153587,0.828425290942516,6.196241022949369,17.950416311419765
std,5605.895743441507,6.701354094928507,5.819446074394714,4.178195669455388,1635.0298130161043,1.695088691782217,4.646703581901117,2.8219354909971255,0.258442757003269,0.35459157059952434,1.9733697444497957
min,205.0,1993.0,2000.0,1.0,1.0,-0.2876820724517809,0.874174528,0.566649714,0.306402839995387,5.564134104,14.43151694123292
25%,326.0,2001.0,2005.0,1.0,27.0,3.2384861814448413,2.3418648710500003,2.1586438188,0.6453805976405484,5.947845376,16.118681858769996
50%,401.0,2008.0,2011.0,2.0,83.0,3.828641396489095,3.773985048666667,2.787407657,0.8276188858033389,6.032096376,17.763913013207894
75%,11342.0,2014.0,2015.0,4.0,346.0,4.518300937556351,5.23421377495,4.060893267800001,0.9514634425668795,6.293981484,19.142209730576603
max,14268.0,2017.0,2019.0,17.0,13474.0,7.770645234129176,27.132408252,18.45118064,1.4755054390329303,6.943723418,21.04524788169384
